dim_user_key,dim_user_id,row_effective_at,row_expired_at,row_is_current,natural_key,first_name,last_name,email_address,all_email_addresses,phone_number,all_phone_numbers,is_preferred_user,age_bracket,birthday,account_created_at,all_web_event_visitor_ids
-1,-1,1970-01-01,9999-12-31 23:59:59,TRUE,-1,First Name Unknown,Last Name Unknown,Email Address Unknown,[],Current Phone Number Unknown,[],FALSE,0,1970-01-01,1970-01-01,[]
1000,1,1970-01-01,2020-01-02 10:15:11,FALSE,12348,Newton,Nethercott,nnethercott0@fc2.com,[nnethercott0@fc2.com],308-261-7168,[308-261-7168],TRUE,28,5/31/1991,2018-03-19 17:55:00,"[788d3a7d064b41a389c125c76ea3d63b, ad00162c08ad4d3184f4d361ec742a2e]"
1001,2,1970-01-01,2020-01-02 10:15:12,FALSE,19999,Gwendolen,Dobbson,gdobbson1@51.la,[gdobbson1@51.la],555-203-2222,"[555-203-2222, 485-927-7015]",TRUE,100,2/22/1920,2019-07-17 19:10:12,[]
1002,3,1970-01-01,2020-01-02 10:15:12,FALSE,12560,Melissa,Bonnavant,mbonnavant2@newyorker.com,"[mbonnavant2@stevedegele.com, mbonnavant2@newyorker.com]",602-838-9990,[602-838-9990],FALSE,36,2/4/1984,2019-12-30 23:39:38,[64572210ee0945869a23f10bfcc7d61c]
1003,4,1970-01-01,9999-12-31 23:59:59,TRUE,12121,Chadd,Bettenay,cbettenay3@unicef.org,[cbettenay3@unicef.org],248-195-7305,[248-195-7305],TRUE,51,5/3/1969,2019-09-25 0:41:35,[f9b1ed00c899426bac938765e4889096]
1004,5,1970-01-01,9999-12-31 23:59:59,TRUE,11111,Josephina,Twist,jtwist4@cbsnews.com,[jtwist4@cbsnews.com],113-169-0115,[113-169-0115],FALSE,28,4/14/1992,2019-07-05 2:56:55,[4bd5a3a037f844f0810b12cdaa7119b6]
1005,6,1970-01-01,9999-12-31 23:59:59,TRUE,12569,Tabbatha,Kurt,tkurt5@deviantart.com,[tkurt5@deviantart.com],121-529-5100,[121-529-5100],TRUE,43,5/28/1976,2019-09-15 18:16:49,[58146df3006a4ce8b5617f0807b96c98]
1006,7,1970-01-01,2020-01-03 12:45:29,FALSE,19821,Reggie,Caunt,rcaunt6@tiny.cc,[rcaunt6@tiny.cc],459-139-1439,[459-139-1439],TRUE,Unknown,No Birthday Provided,2019-11-03 15:44:22,[]
1007,8,1970-01-01,9999-12-31 23:59:59,TRUE,19811,Ertha,Badwick,ebadwick7@ning.com,[ebadwick7@ning.com],290-215-5216,[290-215-5216],TRUE,179,8/12/1840,2020-05-12 11:35:01,[]
1008,9,1970-01-01,9999-12-31 23:59:59,TRUE,19801,Lorelei,Michelet,lmichelet8@who.int,[lmichelet8@who.int],456-139-8458,[456-139-8458],FALSE,0,11/21/2019,2019-06-24 13:20:59,[]
1009,10,1970-01-01,9999-12-31 23:59:59,TRUE,19342,Violette,Lane,vlane9@phpbb.com,[vlane9@phpbb.com],443-374-5739,[443-374-5739],TRUE,39,1/14/1981,2019-05-18 17:21:55,[]
1010,1,2020-01-02 10:15:12,9999-12-31 23:59:59,TRUE,12348,Newton,Nethercott,nnethercott0@fc2.com,[nnethercott0@fc2.com],308-261-7168,[308-261-7168],FALSE,28,5/31/1991,2018-03-19 17:55:00,"[788d3a7d064b41a389c125c76ea3d63b, ad00162c08ad4d3184f4d361ec742a2e]"
1011,2,2020-01-02 10:15:13,9999-12-31 23:59:59,TRUE,19999,Gwendolen,Dobbson,gdobbson1@51.la,[gdobbson1@51.la],485-927-7015,"[555-203-2222, 485-927-7015]",TRUE,100,2/22/1920,2019-07-17 19:10:12,[]
1012,3,2020-01-02 10:15:13,9999-12-31 23:59:59,TRUE,12560,Melissa,Bonnavant,mbonnavant2@stevedegele.com,"[mbonnavant2@stevedegele.com, mbonnavant2@newyorker.com]",602-838-9990,[602-838-9990],FALSE,36,2/4/1984,2019-12-30 23:39:38,[64572210ee0945869a23f10bfcc7d61c]
1013,11,2020-01-01 10:15:13,9999-12-31 23:59:59,TRUE,99901,Egor,Francioli,efrancioli0@smh.com.au,[efrancioli0@smh.com.au],369-504-6808,[369-504-6808],TRUE,0,6/2/2019,2020-04-04 6:54:35,[]
1014,12,1970-01-01,9999-12-31 23:59:59,TRUE,84594,Caryl,Chamberlen,cchamberlen1@aol.com,[cchamberlen1@aol.com],237-281-7991,[237-281-7991],FALSE,0,3/12/2020,2019-06-29 22:15:23,[]
1015,13,1970-01-01,9999-12-31 23:59:59,TRUE,84595,Gearard,Minihan,gminihan2@phpbb.com,[gminihan2@phpbb.com],437-967-5138,[437-967-5138],FALSE,0,9/24/2019,2019-10-06 19:44:43,[]
1016,14,1970-01-01,9999-12-31 23:59:59,TRUE,84596,Justen,No Last Name Provided,jdust3@ted.com,[jdust3@ted.com],No Phone Number Provided,[No Phone Number Provided],FALSE,Unknown,No Birthday Provided,2019-12-18 9:55:00,[]
1017,15,1970-01-01,9999-12-31 23:59:59,TRUE,84597,Morty,Corryer,mcorryer4@chicagotribune.com,[mcorryer4@chicagotribune.com],234-153-4312,[234-153-4312],FALSE,0,9/22/2019,2019-05-20 5:02:38,[]
1018,16,1970-01-01,2020-01-03 12:45:29,FALSE,84598,Amanda,Michelet,Amichelet@who.int,[Amichelet@who.int],456-139-8458,[456-139-8458],FALSE,Unknown,No Birthday Provided,2019-06-24 13:20:59,[]
1019,17,1970-01-01,9999-12-31 23:59:59,TRUE,84599,Violette,Lane,vlane9@slag.org,[vlane9@slag.org],201-299-3627,[201-299-3627],TRUE,0,1/14/2020,2019-05-18 17:21:55,[]
1020,18,1970-01-01,9999-12-31 23:59:59,TRUE,75432,Enrica,Shovelton,eshovelton0@php.net,[eshovelton0@php.net],735-488-4482,[735-488-4482],FALSE,0,2/13/2020,2019-08-12 5:46:14,[]
1021,19,1970-01-01,9999-12-31 23:59:59,TRUE,75433,Rebekkah,Skelhorn,rskelhorn1@chron.com,[rskelhorn1@chron.com],716-516-5048,[716-516-5048],FALSE,0,8/8/2019,2019-07-19 6:05:13,[]
1022,20,1970-01-01,9999-12-31 23:59:59,TRUE,75434,Jarrad,Kelby,jkelby2@nasa.gov,[jkelby2@nasa.gov],845-230-3393,[845-230-3393],FALSE,0,5/10/2020,2019-08-03 20:48:29,[]
1023,21,1970-01-01,9999-12-31 23:59:59,TRUE,75435,Penrod,Wellum,pwellum3@shareasale.com,[pwellum3@shareasale.com],562-804-2680,[562-804-2680],TRUE,0,7/15/2019,2019-10-10 16:43:59,[]
1024,22,1970-01-01,9999-12-31 23:59:59,TRUE,75436,Adey,Ardling,aardling4@delicious.com,[aardling4@delicious.com],429-987-8436,[429-987-8436],TRUE,0,12/27/2019,2020-01-18 3:19:05,[]
1025,23,1970-01-01,9999-12-31 23:59:59,TRUE,75437,Kelwin,Tulleth,ktulleth5@prweb.com,[ktulleth5@prweb.com],904-731-3767,[904-731-3767],TRUE,0,10/22/2019,2019-07-13 17:18:13,[]
1026,7,2020-01-03 12:45:30,9999-12-31 23:59:59,TRUE,19821,Reggie,Lebouf,rcaunt6@tiny.cc,[rcaunt6@tiny.cc],459-139-1439,[459-139-1439],TRUE,Unknown,No Birthday Provided,2019-11-03 15:44:22,[]
1027,16,2020-01-03 12:45:30,9999-12-31 23:59:59,TRUE,84598,Amanda,Michelet,Amichelet@who.int,[Amichelet@who.int],456-139-8458,[456-139-8458],TRUE,Unknown,No Birthday Provided,2019-06-24 13:20:59,[]
1028,24,1970-01-01,9999-12-31 23:59:59,TRUE,75440,Allayne,Gater,agater8@buzzfeed.com,[agater8@buzzfeed.com],587-783-5321,[587-783-5321],FALSE,0,2/23/2020,2019-10-08 17:03:39,[]
1029,25,1970-01-01,9999-12-31 23:59:59,TRUE,75441,Minne,Wollard,mwollard9@domainmarket.com,[mwollard9@domainmarket.com],657-442-4082,[657-442-4082],FALSE,0,10/9/2019,2019-08-20 0:50:18,[]
1030,11,1970-01-01,2020-01-01 10:15:12,FALSE,99901,Egor,Francioli,efrancioli0@smh.com.au,[efrancioli0@smh.com.au],369-504-6808,[369-504-6808],FALSE,0,6/2/2019,2020-04-04 6:54:35,[]